{
  "source_file": "3186c48d-fc24-5300-910a-6d0bafdd87ea.csv",
  "quantity": "acceleration",
  "unit": "g",
  "n_samples": 32768,
  "duration_s": 2.024154,
  "sample_rate_hz": 16188.0,
  "dt_s": 6.1774e-05,
  "freq_resolution_hz": 0.494019,
  "nyquist_hz": 8094.0,
  "carpet_power_ratio": 0.99492908,
  "n_carpet_regions": 3,
  "carpet_regions": [
    {
      "id": 1,
      "start_hz": 1623.2017,
      "end_hz": 2339.432,
      "bandwidth_hz": 716.2303,
      "power": 0.01499420853018862
    },
    {
      "id": 2,
      "start_hz": 3803.4111,
      "end_hz": 3906.1178,
      "bandwidth_hz": 102.7068,
      "power": 4.9751332054116013e-05
    },
    {
      "id": 3,
      "start_hz": 6100.4561,
      "end_hz": 6339.0184,
      "bandwidth_hz": 238.5623,
      "power": 0.00019873500422641662
    }
  ]
}