{
  "source_file": "75a0970d-7c9a-5fd4-9a83-80cddf68ce6c.csv",
  "quantity": "acceleration",
  "unit": "g",
  "n_samples": 32768,
  "duration_s": 2.072418,
  "sample_rate_hz": 15811.0,
  "dt_s": 6.3247e-05,
  "freq_resolution_hz": 0.482513,
  "nyquist_hz": 7905.5,
  "carpet_power_ratio": 0.90074619,
  "n_carpet_regions": 1,
  "carpet_regions": [
    {
      "id": 1,
      "start_hz": 3444.1431,
      "end_hz": 4498.7759,
      "bandwidth_hz": 1054.6328,
      "power": 32.90236570003967
    }
  ]
}