{
  "source_file": "771e32b1-39b4-5a58-bb2b-c618ce2701d8.csv",
  "quantity": "acceleration",
  "unit": "g",
  "n_samples": 32768,
  "duration_s": 2.023404,
  "sample_rate_hz": 16194.0,
  "dt_s": 6.1751e-05,
  "freq_resolution_hz": 0.494202,
  "nyquist_hz": 8097.0,
  "carpet_power_ratio": 0.96245633,
  "n_carpet_regions": 3,
  "carpet_regions": [
    {
      "id": 1,
      "start_hz": 1094.3141,
      "end_hz": 1216.6294,
      "bandwidth_hz": 122.3153,
      "power": 0.027060371140602064
    },
    {
      "id": 2,
      "start_hz": 2005.9707,
      "end_hz": 2555.574,
      "bandwidth_hz": 549.6033,
      "power": 0.6211327190676701
    },
    {
      "id": 3,
      "start_hz": 3153.5598,
      "end_hz": 3959.7535,
      "bandwidth_hz": 806.1936,
      "power": 0.742149384049579
    }
  ]
}