{
  "source_file": "82e91f2f-4ed5-5591-9617-0ff6f3b0e0c1.csv",
  "quantity": "acceleration",
  "unit": "g",
  "n_samples": 32768,
  "duration_s": 2.026031,
  "sample_rate_hz": 16173.0,
  "dt_s": 6.1831e-05,
  "freq_resolution_hz": 0.493561,
  "nyquist_hz": 8086.5,
  "carpet_power_ratio": 0.9427792,
  "n_carpet_regions": 2,
  "carpet_regions": [
    {
      "id": 1,
      "start_hz": 2352.466,
      "end_hz": 2937.7321,
      "bandwidth_hz": 585.2662,
      "power": 1.2628658838320346
    },
    {
      "id": 2,
      "start_hz": 3255.3395,
      "end_hz": 5054.5715,
      "bandwidth_hz": 1799.232,
      "power": 0.8033431400753894
    }
  ]
}