{
  "source_file": "ce31ebce-aa58-5112-9643-89c4559dd5ae.csv",
  "quantity": "acceleration",
  "unit": "g",
  "n_samples": 32768,
  "duration_s": 2.076752,
  "sample_rate_hz": 15778.0,
  "dt_s": 6.3379e-05,
  "freq_resolution_hz": 0.481506,
  "nyquist_hz": 7889.0,
  "carpet_power_ratio": 0.94912419,
  "n_carpet_regions": 2,
  "carpet_regions": [
    {
      "id": 1,
      "start_hz": 1066.7324,
      "end_hz": 1441.7307,
      "bandwidth_hz": 374.9983,
      "power": 0.01169801195054125
    },
    {
      "id": 2,
      "start_hz": 1900.9447,
      "end_hz": 3496.8061,
      "bandwidth_hz": 1595.8614,
      "power": 0.14426471649751804
    }
  ]
}